seq_name	length	topology	coordinates	n_genes	genetic_code	virus_score	fdr	n_hallmarks	marker_enrichment	taxonomy	contig	start	end	contig_len	cum_sum	cumstart	cumend	VFC	mean_depth_mitC	fold_induction_mitC	mean_depth_nomitC	fold_induction_nomitC	replication_start	replication_end	replication_cumstart	replication_cumend
NC_012781.1|provirus_1928248_1993269	65022	Provirus	1928248-1993269	103	11	0.9825		15	107.4957	Viruses;Duplodnaviria;Heunggongvirae;Uroviricota;Caudoviricetes	NC_012781.1	1928248	1993269	3449685	0	1928248	1993269	4.0	232.9137577788416	2.5808760361670577	534.5297595055757	4.124645173280077	1928876	1993526	1928876	1993526
NC_012781.1|provirus_1154323_1187753	33431	Provirus	1154323-1187753	46	11	0.9659		9	44.6315	Viruses;Duplodnaviria;Heunggongvirae;Uroviricota;Caudoviricetes	NC_012781.1	1154323	1187753	3449685	0	1154323	1187753		110.13878411360106	1.2204283305637875	136.22355259733015	1.0511553542451204	1154323	1187753	1154323	1187753
NC_012781.1|provirus_684274_739336	55063	Provirus	684274-739336	64	11	0.8059		2	5.6387	Viruses;Duplodnaviria;Heunggongvirae;Uroviricota;Caudoviricetes	NC_012781.1	684274	739336	3449685	0	684274	739336		80.56536506365559	0.8927305197457434	120.92928476850916	0.9331386734950168	684274	739336	684274	739336
