seq_name	length	topology	coordinates	n_genes	genetic_code	virus_score	fdr	n_hallmarks	marker_enrichment	taxonomy	contig	start	end	contig_len	cum_sum	cumstart	cumend	VFC	mean_depth_mitC	fold_induction_mitC	mean_depth_nomitC	fold_induction_nomitC	replication_start	replication_end	replication_cumstart	replication_cumend
72d052e7488c4515_3|provirus_82_43705	43624	Provirus	82-43705	68	11	0.9787		14	72.1651	Viruses;Duplodnaviria;Heunggongvirae;Uroviricota;Caudoviricetes	72d052e7488c4515_3	82	43705	74552	2682066	2682148	2725771	4.0	56.17500924845622	155.04289159017873	32919.14358989054	132.62294178741678	1	39447	2673185	2721513
72d052e7488c4515_1|provirus_1573111_1615997	42887	Provirus	1573111-1615997	71	11	0.9736		14	55.0345	Viruses;Duplodnaviria;Heunggongvirae;Uroviricota;Caudoviricetes	72d052e7488c4515_1	1573111	1615997	2641046	0	1573111	1615997		0.933387489845654	2.5761472465399864	563.567579338579	2.27047189316459	1573111	1615997	1573111	1615997
72d052e7488c4515_4|provirus_32347_41020	8674	Provirus	32347-41020	14	11	0.9642		0	11.4578	Viruses;Duplodnaviria;Heunggongvirae;Uroviricota;Caudoviricetes	72d052e7488c4515_4	32347	41020	41020	2641046	2673393	2682066		37.35773268019594	103.10725312697072	21626.836023054755	87.12907755633191	32347	41020	2673393	2682066
72d052e7488c4515_1|provirus_2140766_2162381	21616	Provirus	2140766-2162381	16	11	0.9428		0	11.1433	Viruses;Duplodnaviria;Heunggongvirae;Uroviricota;Caudoviricetes	72d052e7488c4515_1	2140766	2162381	2641046	0	2140766	2162381		0.3747689233075194	1.0343613347839824	244.27906709558823	0.9841388615362336	2140766	2162381	2140766	2162381
