seq_name	length	topology	coordinates	n_genes	genetic_code	virus_score	fdr	n_hallmarks	marker_enrichment	taxonomy	contig	start	end	contig_len	cum_sum	cumstart	cumend	VFC	mean_depth_mitC	fold_induction_mitC	mean_depth_nomitC	fold_induction_nomitC	replication_start	replication_end	replication_cumstart	replication_cumend
a1883c1a3df8477f_1|provirus_352875_418845	65971	Provirus	352875-418845	97	11	0.9797		8	137.7956	Viruses;Duplodnaviria;Heunggongvirae;Uroviricota;Caudoviricetes	a1883c1a3df8477f_1	352875	418845	2689249	0	352875	418845	10.0	41.41059230841209	1.2193181439952634	3.240612656455726	1.192759420384229	387500	397500	387500	397500
a1883c1a3df8477f_1|provirus_798820_826634	27815	Provirus	798820-826634	42	11	0.9774		7	42.8191	Viruses;Duplodnaviria;Heunggongvirae;Uroviricota;Caudoviricetes	a1883c1a3df8477f_1	798820	826634	2689249	0	798820	826634		68.26464169598718	2.010024768381404	5.890642662759054	2.168145432045434	798820	826634	798820	826634
a1883c1a3df8477f_1|provirus_1693947_1742354	48408	Provirus	1693947-1742354	61	11	0.9678		12	55.5719	Viruses;Duplodnaviria;Heunggongvirae;Uroviricota;Caudoviricetes	a1883c1a3df8477f_1	1693947	1742354	2689249	0	1693947	1742354	1.0	96991.36771161492	2855.8715987664004	7563.822768468073	2783.9861833639275	1692600	1748695	1692600	1748695
a1883c1a3df8477f_1|provirus_1257191_1266306	9116	Provirus	1257191-1266306	15	11	0.9281		0	11.0836	Viruses;Duplodnaviria;Heunggongvirae;Uroviricota;Caudoviricetes	a1883c1a3df8477f_1	1257191	1266306	2689249	0	1257191	1266306		29.093379978471475	0.8566428080453377	2.0348920863309354	0.7489746423724435	1257191	1266306	1257191	1266306
